16,148,-1,1
80,298,-1,1
16,448,-1,1
80,598,-1,1
21,143,-1,1
85,293,-1,1
21,443,-1,1
85,593,-1,1
26,138,-1,1
90,288,-1,1
26,438,-1,1
90,588,-1,1
31,133,-1,1
95,283,-1,1
31,433,-1,1
95,583,-1,1
36,128,-1,1
100,278,-1,1
36,428,-1,1
100,578,-1,1
41,123,-1,1
105,273,-1,1
41,423,-1,1
105,573,-1,1
46,118,-1,1
110,268,-1,1
46,418,-1,1
110,568,-1,1
51,113,-1,1
115,263,-1,1
51,413,-1,1
115,563,-1,1
56,108,-1,1
120,258,-1,1
56,408,-1,1
120,558,-1,1
61,103,-1,1
125,253,-1,1
61,403,-1,1
125,553,-1,1
66,102,-1,1
130,252,-1,1
66,402,-1,1
130,552,-1,1
71,107,-1,1
135,257,-1,1
71,407,-1,1
135,557,-1,1
76,112,-1,1
140,262,-1,1
76,412,-1,1
140,562,-1,1
81,117,-1,1
145,267,-1,1
81,417,-1,1
145,567,-1,1
86,122,-1,1
150,272,-1,1
86,422,-1,1
150,572,-1,1
91,127,-1,1
155,277,-1,1
91,427,-1,1
155,577,-1,1
96,132,-1,1
160,282,-1,1
96,432,-1,1
160,582,-1,1
101,137,-1,1
165,287,-1,1
101,437,-1,1
165,587,-1,1
106,142,-1,1
170,292,-1,1
106,442,-1,1
170,592,-1,1
111,147,-1,1
175,297,-1,1
111,447,-1,1
175,597,-1,1
146,146,-1,1
210,296,-1,1
146,446,-1,1
210,596,-1,1
151,141,-1,1
215,291,-1,1
151,441,-1,1
215,591,-1,1
156,136,-1,1
220,286,-1,1
156,436,-1,1
220,586,-1,1
161,131,-1,1
225,281,-1,1
161,431,-1,1
225,581,-1,1
166,126,-1,1
230,276,-1,1
166,426,-1,1
230,576,-1,1
171,121,-1,1
235,271,-1,1
171,421,-1,1
235,571,-1,1
176,116,-1,1
240,266,-1,1
176,416,-1,1
240,566,-1,1
181,111,-1,1
245,261,-1,1
181,411,-1,1
245,561,-1,1
186,106,-1,1
250,256,-1,1
186,406,-1,1
250,556,-1,1
191,101,-1,1
255,251,-1,1
191,401,-1,1
255,551,-1,1
196,104,-1,1
260,254,-1,1
196,404,-1,1
260,554,-1,1
201,109,-1,1
265,259,-1,1
201,409,-1,1
265,559,-1,1
206,114,-1,1
270,264,-1,1
206,414,-1,1
270,564,-1,1
211,119,-1,1
275,269,-1,1
211,419,-1,1
275,569,-1,1
216,124,-1,1
280,274,-1,1
216,424,-1,1
280,574,-1,1
221,129,-1,1
285,279,-1,1
221,429,-1,1
285,579,-1,1
226,134,-1,1
290,284,-1,1
226,434,-1,1
290,584,-1,1
231,139,-1,1
295,289,-1,1
231,439,-1,1
295,589,-1,1
236,144,-1,1
300,294,-1,1
236,444,-1,1
300,594,-1,1
241,149,-1,1
305,299,-1,1
241,449,-1,1
305,599,-1,1
271,149,-1,1
335,299,-1,1
271,449,-1,1
335,599,-1,1
276,144,-1,1
340,294,-1,1
276,444,-1,1
340,594,-1,1
281,139,-1,1
345,289,-1,1
281,439,-1,1
345,589,-1,1
286,134,-1,1
350,284,-1,1
286,434,-1,1
350,584,-1,1
291,129,-1,1
355,279,-1,1
291,429,-1,1
355,579,-1,1
296,124,-1,1
360,274,-1,1
296,424,-1,1
360,574,-1,1
301,119,-1,1
365,269,-1,1
301,419,-1,1
365,569,-1,1
306,114,-1,1
370,264,-1,1
306,414,-1,1
370,564,-1,1
311,109,-1,1
375,259,-1,1
311,409,-1,1
375,559,-1,1
316,104,-1,1
380,254,-1,1
316,404,-1,1
380,554,-1,1
321,101,-1,1
385,251,-1,1
321,401,-1,1
385,551,-1,1
326,106,-1,1
390,256,-1,1
326,406,-1,1
390,556,-1,1
331,111,-1,1
395,261,-1,1
331,411,-1,1
395,561,-1,1
336,116,-1,1
400,266,-1,1
336,416,-1,1
400,566,-1,1
341,121,-1,1
405,271,-1,1
341,421,-1,1
405,571,-1,1
346,126,-1,1
410,276,-1,1
346,426,-1,1
410,576,-1,1
351,131,-1,1
415,281,-1,1
351,431,-1,1
415,581,-1,1
356,136,-1,1
420,286,-1,1
356,436,-1,1
420,586,-1,1
361,141,-1,1
425,291,-1,1
361,441,-1,1
425,591,-1,1
366,146,-1,1
430,296,-1,1
366,446,-1,1
430,596,-1,1
401,147,-1,1
465,297,-1,1
401,447,-1,1
465,597,-1,1
406,142,-1,1
470,292,-1,1
406,442,-1,1
470,592,-1,1
411,137,-1,1
475,287,-1,1
411,437,-1,1
475,587,-1,1
416,132,-1,1
480,282,-1,1
416,432,-1,1
480,582,-1,1
421,127,-1,1
485,277,-1,1
421,427,-1,1
485,577,-1,1
426,122,-1,1
490,272,-1,1
426,422,-1,1
490,572,-1,1
431,117,-1,1
495,267,-1,1
431,417,-1,1
495,567,-1,1
436,112,-1,1
500,262,-1,1
436,412,-1,1
500,562,-1,1
441,107,-1,1
505,257,-1,1
441,407,-1,1
505,557,-1,1
446,102,-1,1
510,252,-1,1
446,402,-1,1
510,552,-1,1
451,103,-1,1
515,253,-1,1
451,403,-1,1
515,553,-1,1
456,108,-1,1
520,258,-1,1
456,408,-1,1
520,558,-1,1
461,113,-1,1
525,263,-1,1
461,413,-1,1
525,563,-1,1
466,118,-1,1
530,268,-1,1
466,418,-1,1
530,568,-1,1
471,123,-1,1
535,273,-1,1
471,423,-1,1
535,573,-1,1
476,128,-1,1
540,278,-1,1
476,428,-1,1
540,578,-1,1
481,133,-1,1
545,283,-1,1
481,433,-1,1
545,583,-1,1
486,138,-1,1
550,288,-1,1
486,438,-1,1
550,588,-1,1
491,143,-1,1
555,293,-1,1
491,443,-1,1
555,593,-1,1
496,148,-1,1
560,298,-1,1
496,448,-1,1
560,598,-1,1
531,145,-1,1
595,295,-1,1
531,445,-1,1
595,595,-1,1
536,140,-1,1
600,290,-1,1
536,440,-1,1
600,590,-1,1
541,135,-1,1
605,285,-1,1
541,435,-1,1
605,585,-1,1
546,130,-1,1
610,280,-1,1
546,430,-1,1
610,580,-1,1
551,125,-1,1
615,275,-1,1
551,425,-1,1
615,575,-1,1
556,120,-1,1
620,270,-1,1
556,420,-1,1
620,570,-1,1
561,115,-1,1
625,265,-1,1
561,415,-1,1
625,565,-1,1
566,110,-1,1
630,260,-1,1
566,410,-1,1
630,560,-1,1
571,105,-1,1
635,255,-1,1
571,405,-1,1
635,555,-1,1
576,100,-1,1
640,250,-1,1
576,400,-1,1
640,550,-1,1
581,105,-1,1
645,255,-1,1
581,405,-1,1
645,555,-1,1
586,110,-1,1
650,260,-1,1
586,410,-1,1
650,560,-1,1
591,115,-1,1
655,265,-1,1
591,415,-1,1
655,565,-1,1
596,120,-1,1
660,270,-1,1
596,420,-1,1
660,570,-1,1
601,125,-1,1
665,275,-1,1
601,425,-1,1
665,575,-1,1
606,130,-1,1
670,280,-1,1
606,430,-1,1
670,580,-1,1
611,135,-1,1
675,285,-1,1
611,435,-1,1
675,585,-1,1
616,140,-1,1
680,290,-1,1
616,440,-1,1
680,590,-1,1
621,145,-1,1
685,295,-1,1
621,445,-1,1
685,595,-1,1
656,148,-1,1
720,298,-1,1
656,448,-1,1
720,598,-1,1
661,143,-1,1
725,293,-1,1
661,443,-1,1
725,593,-1,1
666,138,-1,1
730,288,-1,1
666,438,-1,1
730,588,-1,1
671,133,-1,1
735,283,-1,1
671,433,-1,1
735,583,-1,1
676,128,-1,1
740,278,-1,1
676,428,-1,1
740,578,-1,1
681,123,-1,1
745,273,-1,1
681,423,-1,1
745,573,-1,1
686,118,-1,1
750,268,-1,1
686,418,-1,1
750,568,-1,1
691,113,-1,1
755,263,-1,1
691,413,-1,1
755,563,-1,1
696,108,-1,1
760,258,-1,1
696,408,-1,1
760,558,-1,1
701,103,-1,1
765,253,-1,1
701,403,-1,1
765,553,-1,1
706,102,-1,1
770,252,-1,1
706,402,-1,1
770,552,-1,1
711,107,-1,1
775,257,-1,1
711,407,-1,1
775,557,-1,1
716,112,-1,1
780,262,-1,1
716,412,-1,1
780,562,-1,1
721,117,-1,1
785,267,-1,1
721,417,-1,1
785,567,-1,1
726,122,-1,1
790,272,-1,1
726,422,-1,1
790,572,-1,1
731,127,-1,1
795,277,-1,1
731,427,-1,1
795,577,-1,1
736,132,-1,1
800,282,-1,1
736,432,-1,1
800,582,-1,1
741,137,-1,1
805,287,-1,1
741,437,-1,1
805,587,-1,1
746,142,-1,1
810,292,-1,1
746,442,-1,1
810,592,-1,1
751,147,-1,1
815,297,-1,1
751,447,-1,1
815,597,-1,1
786,146,-1,1
850,296,-1,1
786,446,-1,1
850,596,-1,1
791,141,-1,1
855,291,-1,1
791,441,-1,1
855,591,-1,1
796,136,-1,1
860,286,-1,1
796,436,-1,1
860,586,-1,1
801,131,-1,1
865,281,-1,1
801,431,-1,1
865,581,-1,1
806,126,-1,1
870,276,-1,1
806,426,-1,1
870,576,-1,1
811,121,-1,1
875,271,-1,1
811,421,-1,1
875,571,-1,1
816,116,-1,1
880,266,-1,1
816,416,-1,1
880,566,-1,1
821,111,-1,1
885,261,-1,1
821,411,-1,1
885,561,-1,1
826,106,-1,1
890,256,-1,1
826,406,-1,1
890,556,-1,1
831,101,-1,1
895,251,-1,1
831,401,-1,1
895,551,-1,1
836,104,-1,1
900,254,-1,1
836,404,-1,1
900,554,-1,1
841,109,-1,1
905,259,-1,1
841,409,-1,1
905,559,-1,1
846,114,-1,1
910,264,-1,1
846,414,-1,1
910,564,-1,1
851,119,-1,1
915,269,-1,1
851,419,-1,1
915,569,-1,1
856,124,-1,1
920,274,-1,1
856,424,-1,1
920,574,-1,1
861,129,-1,1
925,279,-1,1
861,429,-1,1
925,579,-1,1
866,134,-1,1
930,284,-1,1
866,434,-1,1
930,584,-1,1
871,139,-1,1
935,289,-1,1
871,439,-1,1
935,589,-1,1
876,144,-1,1
940,294,-1,1
876,444,-1,1
940,594,-1,1
881,149,-1,1
945,299,-1,1
881,449,-1,1
945,599,-1,1
911,149,-1,1
975,299,-1,1
911,449,-1,1
975,599,-1,1
916,144,-1,1
980,294,-1,1
916,444,-1,1
980,594,-1,1
921,139,-1,1
985,289,-1,1
921,439,-1,1
985,589,-1,1
926,134,-1,1
990,284,-1,1
926,434,-1,1
990,584,-1,1
931,129,-1,1
995,279,-1,1
931,429,-1,1
995,579,-1,1
936,124,-1,1
1000,274,-1,1
936,424,-1,1
1000,574,-1,1
941,119,-1,1
1005,269,-1,1
941,419,-1,1
1005,569,-1,1
946,114,-1,1
1010,264,-1,1
946,414,-1,1
1010,564,-1,1
951,109,-1,1
1015,259,-1,1
951,409,-1,1
1015,559,-1,1
956,104,-1,1
1020,254,-1,1
956,404,-1,1
1020,554,-1,1
961,101,-1,1
1025,251,-1,1
961,401,-1,1
1025,551,-1,1
966,106,-1,1
1030,256,-1,1
966,406,-1,1
1030,556,-1,1
971,111,-1,1
1035,261,-1,1
971,411,-1,1
1035,561,-1,1
976,116,-1,1
1040,266,-1,1
976,416,-1,1
1040,566,-1,1
981,121,-1,1
1045,271,-1,1
981,421,-1,1
1045,571,-1,1
986,126,-1,1
1050,276,-1,1
986,426,-1,1
1050,576,-1,1
991,131,-1,1
1055,281,-1,1
991,431,-1,1
1055,581,-1,1
996,136,-1,1
1060,286,-1,1
996,436,-1,1
1060,586,-1,1
1001,141,-1,1
1065,291,-1,1
1001,441,-1,1
1065,591,-1,1
1006,146,-1,1
1070,296,-1,1
1006,446,-1,1
1070,596,-1,1
1041,147,-1,1
1105,297,-1,1
1041,447,-1,1
1105,597,-1,1
1046,142,-1,1
1110,292,-1,1
1046,442,-1,1
1110,592,-1,1
1051,137,-1,1
1115,287,-1,1
1051,437,-1,1
1115,587,-1,1
1056,132,-1,1
1120,282,-1,1
1056,432,-1,1
1120,582,-1,1
1061,127,-1,1
1125,277,-1,1
1061,427,-1,1
1125,577,-1,1
1066,122,-1,1
1130,272,-1,1
1066,422,-1,1
1130,572,-1,1
1071,117,-1,1
1135,267,-1,1
1071,417,-1,1
1135,567,-1,1
1076,112,-1,1
1140,262,-1,1
1076,412,-1,1
1140,562,-1,1
1081,107,-1,1
1145,257,-1,1
1081,407,-1,1
1145,557,-1,1
1086,102,-1,1
1150,252,-1,1
1086,402,-1,1
1150,552,-1,1
1091,103,-1,1
1155,253,-1,1
1091,403,-1,1
1155,553,-1,1
1096,108,-1,1
1160,258,-1,1
1096,408,-1,1
1160,558,-1,1
1101,113,-1,1
1165,263,-1,1
1101,413,-1,1
1165,563,-1,1
1106,118,-1,1
1170,268,-1,1
1106,418,-1,1
1170,568,-1,1
1111,123,-1,1
1175,273,-1,1
1111,423,-1,1
1175,573,-1,1
1116,128,-1,1
1180,278,-1,1
1116,428,-1,1
1180,578,-1,1
1121,133,-1,1
1185,283,-1,1
1121,433,-1,1
1185,583,-1,1
1126,138,-1,1
1190,288,-1,1
1126,438,-1,1
1190,588,-1,1
1131,143,-1,1
1195,293,-1,1
1131,443,-1,1
1195,593,-1,1
1136,148,-1,1
1200,298,-1,1
1136,448,-1,1
1200,598,-1,1
1171,145,-1,1
1235,295,-1,1
1171,445,-1,1
1235,595,-1,1
1176,140,-1,1
1240,290,-1,1
1176,440,-1,1
1240,590,-1,1
1181,135,-1,1
1245,285,-1,1
1181,435,-1,1
1245,585,-1,1
1186,130,-1,1
1250,280,-1,1
1186,430,-1,1
1250,580,-1,1
1191,125,-1,1
1255,275,-1,1
1191,425,-1,1
1255,575,-1,1
1196,120,-1,1
1260,270,-1,1
1196,420,-1,1
1260,570,-1,1
1201,115,-1,1
1265,265,-1,1
1201,415,-1,1
1265,565,-1,1
1206,110,-1,1
1270,260,-1,1
1206,410,-1,1
1270,560,-1,1
1211,105,-1,1
1275,255,-1,1
1211,405,-1,1
1275,555,-1,1
1216,100,-1,1
0,250,-1,1
1216,400,-1,1
0,550,-1,1
1221,105,-1,1
5,255,-1,1
1221,405,-1,1
5,555,-1,1
1226,110,-1,1
10,260,-1,1
1226,410,-1,1
10,560,-1,1
1231,115,-1,1
15,265,-1,1
1231,415,-1,1
15,565,-1,1
1236,120,-1,1
20,270,-1,1
1236,420,-1,1
20,570,-1,1
1241,125,-1,1
25,275,-1,1
1241,425,-1,1
25,575,-1,1
1246,130,-1,1
30,280,-1,1
1246,430,-1,1
30,580,-1,1
1251,135,-1,1
35,285,-1,1
1251,435,-1,1
35,585,-1,1
1256,140,-1,1
40,290,-1,1
1256,440,-1,1
40,590,-1,1
1261,145,-1,1
45,295,-1,1
1261,445,-1,1
45,595,-1,1
2,1,-1,0
2,16,-1,0
2,30,-1,0
2,45,-1,0
2,61,-1,0
7,1,-1,0
7,15,-1,0
7,31,-1,0
7,46,-1,0
7,61,-1,0
12,1,-1,0
12,16,-1,0
12,31,-1,0
12,46,-1,0
12,61,-1,0
17,0,-1,0
17,16,-1,0
17,31,-1,0
17,46,-1,0
17,61,-1,0
22,1,-1,0
22,15,-1,0
22,30,-1,0
22,46,-1,0
22,60,-1,0
27,1,-1,0
27,15,-1,0
27,30,-1,0
27,45,-1,0
27,61,-1,0
32,0,-1,0
32,15,-1,0
32,31,-1,0
32,46,-1,0
32,61,-1,0
37,1,-1,0
37,15,-1,0
37,30,-1,0
37,45,-1,0
37,60,-1,0
42,0,-1,0
42,15,-1,0
42,30,-1,0
42,45,-1,0
42,61,-1,0
47,0,-1,0
47,16,-1,0
47,30,-1,0
47,45,-1,0
47,61,-1,0
52,1,-1,0
52,16,-1,0
52,30,-1,0
52,45,-1,0
52,60,-1,0
57,1,-1,0
57,16,-1,0
57,31,-1,0
57,46,-1,0
57,61,-1,0
62,0,-1,0
62,15,-1,0
62,31,-1,0
62,45,-1,0
62,60,-1,0
67,1,-1,0
67,15,-1,0
67,30,-1,0
67,46,-1,0
67,60,-1,0
72,1,-1,0
72,16,-1,0
72,30,-1,0
72,45,-1,0
72,61,-1,0
77,1,-1,0
77,15,-1,0
77,30,-1,0
77,46,-1,0
77,60,-1,0
82,1,-1,0
82,16,-1,0
82,31,-1,0
82,45,-1,0
82,60,-1,0
87,0,-1,0
87,16,-1,0
87,31,-1,0
87,45,-1,0
87,61,-1,0
92,1,-1,0
92,16,-1,0
92,31,-1,0
92,45,-1,0
92,60,-1,0
97,1,-1,0
97,15,-1,0
97,31,-1,0
97,46,-1,0
97,60,-1,0
102,0,-1,0
102,16,-1,0
102,31,-1,0
102,46,-1,0
102,61,-1,0
107,0,-1,0
107,16,-1,0
107,30,-1,0
107,45,-1,0
107,60,-1,0
112,1,-1,0
112,16,-1,0
112,30,-1,0
112,45,-1,0
112,61,-1,0
117,1,-1,0
117,16,-1,0
117,31,-1,0
117,45,-1,0
117,60,-1,0
122,1,-1,0
122,16,-1,0
122,30,-1,0
122,46,-1,0
122,60,-1,0
127,0,-1,0
127,16,-1,0
127,30,-1,0
127,45,-1,0
127,60,-1,0
132,0,-1,0
132,16,-1,0
132,31,-1,0
132,45,-1,0
132,60,-1,0
137,1,-1,0
137,16,-1,0
137,31,-1,0
137,46,-1,0
137,61,-1,0
142,1,-1,0
142,16,-1,0
142,30,-1,0
142,46,-1,0
142,60,-1,0
147,0,-1,0
147,16,-1,0
147,31,-1,0
147,46,-1,0
147,61,-1,0
152,0,-1,0
152,16,-1,0
152,31,-1,0
152,45,-1,0
152,60,-1,0
157,1,-1,0
157,15,-1,0
157,31,-1,0
157,45,-1,0
157,61,-1,0
162,0,-1,0
162,15,-1,0
162,30,-1,0
162,45,-1,0
162,61,-1,0
167,0,-1,0
167,16,-1,0
167,31,-1,0
167,45,-1,0
167,61,-1,0
172,0,-1,0
172,16,-1,0
172,30,-1,0
172,45,-1,0
172,60,-1,0
177,1,-1,0
177,16,-1,0
177,31,-1,0
177,45,-1,0
177,61,-1,0
182,0,-1,0
182,16,-1,0
182,30,-1,0
182,46,-1,0
182,60,-1,0
187,0,-1,0
187,16,-1,0
187,31,-1,0
187,46,-1,0
187,61,-1,0
192,1,-1,0
192,15,-1,0
192,30,-1,0
192,45,-1,0
192,60,-1,0
197,0,-1,0
197,15,-1,0
197,31,-1,0
197,46,-1,0
197,60,-1,0
202,0,-1,0
202,15,-1,0
202,31,-1,0
202,45,-1,0
202,60,-1,0
207,1,-1,0
207,16,-1,0
207,31,-1,0
207,46,-1,0
207,60,-1,0
212,1,-1,0
212,15,-1,0
212,30,-1,0
212,45,-1,0
212,61,-1,0
217,1,-1,0
217,15,-1,0
217,31,-1,0
217,46,-1,0
217,60,-1,0
222,1,-1,0
222,16,-1,0
222,30,-1,0
222,46,-1,0
222,60,-1,0
227,1,-1,0
227,16,-1,0
227,31,-1,0
227,46,-1,0
227,61,-1,0
232,0,-1,0
232,15,-1,0
232,31,-1,0
232,46,-1,0
232,61,-1,0
237,0,-1,0
237,16,-1,0
237,31,-1,0
237,46,-1,0
237,61,-1,0
242,0,-1,0
242,16,-1,0
242,30,-1,0
242,45,-1,0
242,60,-1,0
247,0,-1,0
247,16,-1,0
247,31,-1,0
247,46,-1,0
247,60,-1,0
252,0,-1,0
252,16,-1,0
252,30,-1,0
252,46,-1,0
252,60,-1,0
257,0,-1,0
257,16,-1,0
257,30,-1,0
257,46,-1,0
257,61,-1,0
262,1,-1,0
262,16,-1,0
262,30,-1,0
262,45,-1,0
262,61,-1,0
267,0,-1,0
267,16,-1,0
267,31,-1,0
267,46,-1,0
267,60,-1,0
272,1,-1,0
272,16,-1,0
272,31,-1,0
272,45,-1,0
272,61,-1,0
277,1,-1,0
277,15,-1,0
277,31,-1,0
277,46,-1,0
277,61,-1,0
282,0,-1,0
282,16,-1,0
282,30,-1,0
282,46,-1,0
282,61,-1,0
287,1,-1,0
287,15,-1,0
287,30,-1,0
287,45,-1,0
287,61,-1,0
292,0,-1,0
292,16,-1,0
292,30,-1,0
292,45,-1,0
292,61,-1,0
297,0,-1,0
297,15,-1,0
297,31,-1,0
297,45,-1,0
297,61,-1,0
302,1,-1,0
302,15,-1,0
302,31,-1,0
302,46,-1,0
302,61,-1,0
307,1,-1,0
307,16,-1,0
307,30,-1,0
307,45,-1,0
307,60,-1,0
312,0,-1,0
312,15,-1,0
312,30,-1,0
312,45,-1,0
312,61,-1,0
317,0,-1,0
317,16,-1,0
317,30,-1,0
317,46,-1,0
317,61,-1,0
322,0,-1,0
322,16,-1,0
322,31,-1,0
322,46,-1,0
322,61,-1,0
327,0,-1,0
327,15,-1,0
327,31,-1,0
327,46,-1,0
327,60,-1,0
332,0,-1,0
332,15,-1,0
332,31,-1,0
332,46,-1,0
332,60,-1,0
337,1,-1,0
337,16,-1,0
337,30,-1,0
337,45,-1,0
337,61,-1,0
342,0,-1,0
342,16,-1,0
342,30,-1,0
342,46,-1,0
342,60,-1,0
347,0,-1,0
347,16,-1,0
347,30,-1,0
347,45,-1,0
347,61,-1,0
352,0,-1,0
352,16,-1,0
352,30,-1,0
352,45,-1,0
352,60,-1,0
357,1,-1,0
357,15,-1,0
357,31,-1,0
357,46,-1,0
357,61,-1,0
362,0,-1,0
362,16,-1,0
362,31,-1,0
362,46,-1,0
362,60,-1,0
367,1,-1,0
367,16,-1,0
367,30,-1,0
367,45,-1,0
367,61,-1,0
372,0,-1,0
372,16,-1,0
372,31,-1,0
372,45,-1,0
372,61,-1,0
377,0,-1,0
377,16,-1,0
377,30,-1,0
377,45,-1,0
377,61,-1,0
382,0,-1,0
382,16,-1,0
382,31,-1,0
382,45,-1,0
382,60,-1,0
387,1,-1,0
387,16,-1,0
387,31,-1,0
387,45,-1,0
387,61,-1,0
392,0,-1,0
392,15,-1,0
392,31,-1,0
392,45,-1,0
392,60,-1,0
397,1,-1,0
397,16,-1,0
397,30,-1,0
397,45,-1,0
397,61,-1,0
402,1,-1,0
402,16,-1,0
402,30,-1,0
402,46,-1,0
402,60,-1,0
407,1,-1,0
407,15,-1,0
407,30,-1,0
407,46,-1,0
407,60,-1,0
412,0,-1,0
412,15,-1,0
412,31,-1,0
412,46,-1,0
412,61,-1,0
417,0,-1,0
417,16,-1,0
417,30,-1,0
417,46,-1,0
417,61,-1,0
422,0,-1,0
422,16,-1,0
422,30,-1,0
422,45,-1,0
422,61,-1,0
427,1,-1,0
427,15,-1,0
427,30,-1,0
427,45,-1,0
427,60,-1,0
432,0,-1,0
432,15,-1,0
432,31,-1,0
432,45,-1,0
432,61,-1,0
437,1,-1,0
437,16,-1,0
437,30,-1,0
437,45,-1,0
437,61,-1,0
442,0,-1,0
442,16,-1,0
442,30,-1,0
442,45,-1,0
442,61,-1,0
447,1,-1,0
447,15,-1,0
447,31,-1,0
447,46,-1,0
447,61,-1,0
452,0,-1,0
452,15,-1,0
452,30,-1,0
452,46,-1,0
452,60,-1,0
457,0,-1,0
457,16,-1,0
457,31,-1,0
457,46,-1,0
457,61,-1,0
462,1,-1,0
462,15,-1,0
462,30,-1,0
462,46,-1,0
462,60,-1,0
467,1,-1,0
467,15,-1,0
467,31,-1,0
467,46,-1,0
467,61,-1,0
472,0,-1,0
472,16,-1,0
472,31,-1,0
472,46,-1,0
472,61,-1,0
477,0,-1,0
477,15,-1,0
477,31,-1,0
477,46,-1,0
477,60,-1,0
482,1,-1,0
482,15,-1,0
482,30,-1,0
482,46,-1,0
482,61,-1,0
487,1,-1,0
487,16,-1,0
487,31,-1,0
487,45,-1,0
487,61,-1,0
492,1,-1,0
492,16,-1,0
492,31,-1,0
492,45,-1,0
492,61,-1,0
497,0,-1,0
497,15,-1,0
497,31,-1,0
497,46,-1,0
497,60,-1,0
502,0,-1,0
502,15,-1,0
502,31,-1,0
502,45,-1,0
502,60,-1,0
507,0,-1,0
507,15,-1,0
507,31,-1,0
507,45,-1,0
507,61,-1,0
512,0,-1,0
512,15,-1,0
512,30,-1,0
512,46,-1,0
512,60,-1,0
517,1,-1,0
517,16,-1,0
517,30,-1,0
517,45,-1,0
517,61,-1,0
522,0,-1,0
522,15,-1,0
522,30,-1,0
522,45,-1,0
522,60,-1,0
527,0,-1,0
527,16,-1,0
527,31,-1,0
527,45,-1,0
527,61,-1,0
532,0,-1,0
532,16,-1,0
532,31,-1,0
532,46,-1,0
532,60,-1,0
537,1,-1,0
537,16,-1,0
537,30,-1,0
537,46,-1,0
537,60,-1,0
542,1,-1,0
542,15,-1,0
542,30,-1,0
542,46,-1,0
542,60,-1,0
547,0,-1,0
547,15,-1,0
547,30,-1,0
547,46,-1,0
547,60,-1,0
552,1,-1,0
552,16,-1,0
552,30,-1,0
552,46,-1,0
552,60,-1,0
557,1,-1,0
557,15,-1,0
557,30,-1,0
557,45,-1,0
557,61,-1,0
562,1,-1,0
562,16,-1,0
562,30,-1,0
562,45,-1,0
562,60,-1,0
567,0,-1,0
567,15,-1,0
567,30,-1,0
567,45,-1,0
567,60,-1,0
572,1,-1,0
572,15,-1,0
572,30,-1,0
572,45,-1,0
572,61,-1,0
577,0,-1,0
577,16,-1,0
577,31,-1,0
577,46,-1,0
577,61,-1,0
582,1,-1,0
582,15,-1,0
582,31,-1,0
582,46,-1,0
582,60,-1,0
587,0,-1,0
587,16,-1,0
587,31,-1,0
587,46,-1,0
587,61,-1,0
592,0,-1,0
592,16,-1,0
592,31,-1,0
592,45,-1,0
592,61,-1,0
597,1,-1,0
597,15,-1,0
597,30,-1,0
597,46,-1,0
597,60,-1,0
602,0,-1,0
602,16,-1,0
602,31,-1,0
602,45,-1,0
602,60,-1,0
607,0,-1,0
607,16,-1,0
607,30,-1,0
607,45,-1,0
607,60,-1,0
612,1,-1,0
612,15,-1,0
612,30,-1,0
612,45,-1,0
612,60,-1,0
617,1,-1,0
617,16,-1,0
617,31,-1,0
617,45,-1,0
617,60,-1,0
622,0,-1,0
622,16,-1,0
622,30,-1,0
622,45,-1,0
622,60,-1,0
627,0,-1,0
627,16,-1,0
627,31,-1,0
627,46,-1,0
627,60,-1,0
632,1,-1,0
632,16,-1,0
632,31,-1,0
632,46,-1,0
632,60,-1,0
637,1,-1,0
637,16,-1,0
637,31,-1,0
637,46,-1,0
637,60,-1,0
642,0,-1,0
642,15,-1,0
642,30,-1,0
642,46,-1,0
642,60,-1,0
647,0,-1,0
647,16,-1,0
647,31,-1,0
647,46,-1,0
647,61,-1,0
652,1,-1,0
652,16,-1,0
652,30,-1,0
652,46,-1,0
652,60,-1,0
657,1,-1,0
657,15,-1,0
657,31,-1,0
657,46,-1,0
657,60,-1,0
662,1,-1,0
662,16,-1,0
662,31,-1,0
662,46,-1,0
662,60,-1,0
667,0,-1,0
667,16,-1,0
667,30,-1,0
667,45,-1,0
667,60,-1,0
672,0,-1,0
672,16,-1,0
672,31,-1,0
672,45,-1,0
672,61,-1,0
677,1,-1,0
677,16,-1,0
677,31,-1,0
677,45,-1,0
677,61,-1,0
682,0,-1,0
682,16,-1,0
682,31,-1,0
682,45,-1,0
682,60,-1,0
687,1,-1,0
687,15,-1,0
687,30,-1,0
687,46,-1,0
687,60,-1,0
692,0,-1,0
692,15,-1,0
692,30,-1,0
692,46,-1,0
692,60,-1,0
697,1,-1,0
697,15,-1,0
697,30,-1,0
697,46,-1,0
697,61,-1,0
702,1,-1,0
702,15,-1,0
702,31,-1,0
702,45,-1,0
702,61,-1,0
707,1,-1,0
707,15,-1,0
707,30,-1,0
707,45,-1,0
707,60,-1,0
712,1,-1,0
712,15,-1,0
712,30,-1,0
712,45,-1,0
712,60,-1,0
717,0,-1,0
717,16,-1,0
717,30,-1,0
717,45,-1,0
717,60,-1,0
722,1,-1,0
722,15,-1,0
722,31,-1,0
722,45,-1,0
722,60,-1,0
727,0,-1,0
727,16,-1,0
727,30,-1,0
727,46,-1,0
727,60,-1,0
732,0,-1,0
732,16,-1,0
732,31,-1,0
732,46,-1,0
732,61,-1,0
737,0,-1,0
737,16,-1,0
737,31,-1,0
737,45,-1,0
737,61,-1,0
742,1,-1,0
742,16,-1,0
742,31,-1,0
742,46,-1,0
742,60,-1,0
747,1,-1,0
747,16,-1,0
747,31,-1,0
747,45,-1,0
747,61,-1,0
752,0,-1,0
752,16,-1,0
752,31,-1,0
752,45,-1,0
752,60,-1,0
757,1,-1,0
757,16,-1,0
757,31,-1,0
757,46,-1,0
757,61,-1,0
762,0,-1,0
762,15,-1,0
762,30,-1,0
762,45,-1,0
762,60,-1,0
767,1,-1,0
767,16,-1,0
767,31,-1,0
767,45,-1,0
767,60,-1,0
772,0,-1,0
772,16,-1,0
772,30,-1,0
772,45,-1,0
772,61,-1,0
777,1,-1,0
777,16,-1,0
777,30,-1,0
777,46,-1,0
777,61,-1,0
782,0,-1,0
782,15,-1,0
782,31,-1,0
782,46,-1,0
782,60,-1,0
787,1,-1,0
787,15,-1,0
787,30,-1,0
787,45,-1,0
787,61,-1,0
792,0,-1,0
792,15,-1,0
792,30,-1,0
792,45,-1,0
792,60,-1,0
797,1,-1,0
797,15,-1,0
797,30,-1,0
797,46,-1,0
797,60,-1,0
802,1,-1,0
802,15,-1,0
802,30,-1,0
802,46,-1,0
802,61,-1,0
807,1,-1,0
807,16,-1,0
807,31,-1,0
807,45,-1,0
807,61,-1,0
812,0,-1,0
812,15,-1,0
812,30,-1,0
812,46,-1,0
812,61,-1,0
817,1,-1,0
817,15,-1,0
817,31,-1,0
817,45,-1,0
817,61,-1,0
822,1,-1,0
822,16,-1,0
822,30,-1,0
822,45,-1,0
822,60,-1,0
827,0,-1,0
827,16,-1,0
827,31,-1,0
827,45,-1,0
827,60,-1,0
832,0,-1,0
832,16,-1,0
832,31,-1,0
832,45,-1,0
832,60,-1,0
837,1,-1,0
837,15,-1,0
837,30,-1,0
837,45,-1,0
837,60,-1,0
842,1,-1,0
842,15,-1,0
842,30,-1,0
842,45,-1,0
842,60,-1,0
847,0,-1,0
847,15,-1,0
847,30,-1,0
847,45,-1,0
847,61,-1,0
852,1,-1,0
852,16,-1,0
852,31,-1,0
852,46,-1,0
852,61,-1,0
857,1,-1,0
857,16,-1,0
857,30,-1,0
857,46,-1,0
857,61,-1,0
862,1,-1,0
862,16,-1,0
862,31,-1,0
862,45,-1,0
862,61,-1,0
867,0,-1,0
867,16,-1,0
867,31,-1,0
867,45,-1,0
867,60,-1,0
872,0,-1,0
872,16,-1,0
872,30,-1,0
872,46,-1,0
872,60,-1,0
877,0,-1,0
877,16,-1,0
877,31,-1,0
877,46,-1,0
877,61,-1,0
882,1,-1,0
882,15,-1,0
882,31,-1,0
882,46,-1,0
882,61,-1,0
887,0,-1,0
887,16,-1,0
887,31,-1,0
887,46,-1,0
887,60,-1,0
892,1,-1,0
892,15,-1,0
892,30,-1,0
892,46,-1,0
892,61,-1,0
897,0,-1,0
897,15,-1,0
897,30,-1,0
897,45,-1,0
897,60,-1,0
902,1,-1,0
902,16,-1,0
902,31,-1,0
902,45,-1,0
902,61,-1,0
907,1,-1,0
907,15,-1,0
907,31,-1,0
907,45,-1,0
907,60,-1,0
912,1,-1,0
912,15,-1,0
912,31,-1,0
912,46,-1,0
912,61,-1,0
917,1,-1,0
917,16,-1,0
917,30,-1,0
917,46,-1,0
917,61,-1,0
922,0,-1,0
922,15,-1,0
922,30,-1,0
922,46,-1,0
922,60,-1,0
927,1,-1,0
927,16,-1,0
927,31,-1,0
927,46,-1,0
927,60,-1,0
932,1,-1,0
932,15,-1,0
932,30,-1,0
932,46,-1,0
932,61,-1,0
937,0,-1,0
937,16,-1,0
937,31,-1,0
937,46,-1,0
937,60,-1,0
942,0,-1,0
942,15,-1,0
942,31,-1,0
942,46,-1,0
942,61,-1,0
947,0,-1,0
947,16,-1,0
947,31,-1,0
947,46,-1,0
947,61,-1,0
952,1,-1,0
952,16,-1,0
952,31,-1,0
952,45,-1,0
952,60,-1,0
957,0,-1,0
957,16,-1,0
957,30,-1,0
957,45,-1,0
957,60,-1,0
962,0,-1,0
962,15,-1,0
962,31,-1,0
962,45,-1,0
962,60,-1,0
967,0,-1,0
967,16,-1,0
967,31,-1,0
967,45,-1,0
967,60,-1,0
972,1,-1,0
972,16,-1,0
972,30,-1,0
972,45,-1,0
972,60,-1,0
977,1,-1,0
977,15,-1,0
977,30,-1,0
977,46,-1,0
977,61,-1,0
982,1,-1,0
982,15,-1,0
982,31,-1,0
982,46,-1,0
982,61,-1,0
987,1,-1,0
987,16,-1,0
987,31,-1,0
987,46,-1,0
987,61,-1,0
992,0,-1,0
992,16,-1,0
992,31,-1,0
992,45,-1,0
992,60,-1,0
997,0,-1,0
997,15,-1,0
997,31,-1,0
997,46,-1,0
997,60,-1,0
1002,1,-1,0
1002,15,-1,0
1002,31,-1,0
1002,46,-1,0
1002,60,-1,0
1007,0,-1,0
1007,16,-1,0
1007,30,-1,0
1007,45,-1,0
1007,60,-1,0
1012,0,-1,0
1012,16,-1,0
1012,30,-1,0
1012,46,-1,0
1012,60,-1,0
1017,1,-1,0
1017,15,-1,0
1017,30,-1,0
1017,46,-1,0
1017,60,-1,0
1022,1,-1,0
1022,15,-1,0
1022,31,-1,0
1022,46,-1,0
1022,60,-1,0
1027,0,-1,0
1027,15,-1,0
1027,31,-1,0
1027,45,-1,0
1027,61,-1,0
1032,0,-1,0
1032,16,-1,0
1032,30,-1,0
1032,45,-1,0
1032,61,-1,0
1037,0,-1,0
1037,15,-1,0
1037,31,-1,0
1037,46,-1,0
1037,60,-1,0
1042,1,-1,0
1042,15,-1,0
1042,31,-1,0
1042,45,-1,0
1042,60,-1,0
1047,1,-1,0
1047,15,-1,0
1047,30,-1,0
1047,45,-1,0
1047,61,-1,0
1052,1,-1,0
1052,15,-1,0
1052,30,-1,0
1052,46,-1,0
1052,60,-1,0
1057,1,-1,0
1057,16,-1,0
1057,30,-1,0
1057,46,-1,0
1057,60,-1,0
1062,1,-1,0
1062,15,-1,0
1062,30,-1,0
1062,46,-1,0
1062,60,-1,0
1067,0,-1,0
1067,15,-1,0
1067,30,-1,0
1067,46,-1,0
1067,60,-1,0
1072,1,-1,0
1072,16,-1,0
1072,31,-1,0
1072,45,-1,0
1072,60,-1,0
1077,1,-1,0
1077,15,-1,0
1077,31,-1,0
1077,46,-1,0
1077,61,-1,0
1082,1,-1,0
1082,16,-1,0
1082,31,-1,0
1082,46,-1,0
1082,60,-1,0
1087,0,-1,0
1087,16,-1,0
1087,31,-1,0
1087,45,-1,0
1087,60,-1,0
1092,1,-1,0
1092,16,-1,0
1092,30,-1,0
1092,46,-1,0
1092,61,-1,0
1097,0,-1,0
1097,15,-1,0
1097,31,-1,0
1097,45,-1,0
1097,60,-1,0
1102,0,-1,0
1102,15,-1,0
1102,30,-1,0
1102,45,-1,0
1102,60,-1,0
1107,0,-1,0
1107,16,-1,0
1107,31,-1,0
1107,45,-1,0
1107,61,-1,0
1112,0,-1,0
1112,15,-1,0
1112,31,-1,0
1112,45,-1,0
1112,61,-1,0
1117,0,-1,0
1117,15,-1,0
1117,30,-1,0
1117,45,-1,0
1117,61,-1,0
1122,0,-1,0
1122,16,-1,0
1122,31,-1,0
1122,46,-1,0
1122,60,-1,0
1127,1,-1,0
1127,16,-1,0
1127,30,-1,0
1127,45,-1,0
1127,60,-1,0
1132,1,-1,0
1132,16,-1,0
1132,31,-1,0
1132,46,-1,0
1132,60,-1,0
1137,0,-1,0
1137,15,-1,0
1137,30,-1,0
1137,45,-1,0
1137,60,-1,0
1142,0,-1,0
1142,15,-1,0
1142,31,-1,0
1142,46,-1,0
1142,61,-1,0
1147,0,-1,0
1147,15,-1,0
1147,31,-1,0
1147,45,-1,0
1147,61,-1,0
1152,1,-1,0
1152,16,-1,0
1152,31,-1,0
1152,46,-1,0
1152,61,-1,0
1157,1,-1,0
1157,16,-1,0
1157,30,-1,0
1157,46,-1,0
1157,60,-1,0
1162,0,-1,0
1162,15,-1,0
1162,30,-1,0
1162,46,-1,0
1162,60,-1,0
1167,1,-1,0
1167,15,-1,0
1167,30,-1,0
1167,45,-1,0
1167,60,-1,0
1172,1,-1,0
1172,15,-1,0
1172,31,-1,0
1172,45,-1,0
1172,61,-1,0
1177,0,-1,0
1177,15,-1,0
1177,30,-1,0
1177,45,-1,0
1177,60,-1,0
1182,1,-1,0
1182,15,-1,0
1182,30,-1,0
1182,45,-1,0
1182,61,-1,0
1187,0,-1,0
1187,16,-1,0
1187,31,-1,0
1187,46,-1,0
1187,60,-1,0
1192,0,-1,0
1192,16,-1,0
1192,31,-1,0
1192,45,-1,0
1192,61,-1,0
1197,1,-1,0
1197,15,-1,0
1197,30,-1,0
1197,46,-1,0
1197,61,-1,0
1202,0,-1,0
1202,16,-1,0
1202,31,-1,0
1202,46,-1,0
1202,60,-1,0
1207,1,-1,0
1207,15,-1,0
1207,31,-1,0
1207,45,-1,0
1207,61,-1,0
1212,1,-1,0
1212,15,-1,0
1212,31,-1,0
1212,46,-1,0
1212,60,-1,0
1217,1,-1,0
1217,16,-1,0
1217,30,-1,0
1217,46,-1,0
1217,61,-1,0
1222,1,-1,0
1222,15,-1,0
1222,30,-1,0
1222,46,-1,0
1222,60,-1,0
1227,1,-1,0
1227,16,-1,0
1227,31,-1,0
1227,46,-1,0
1227,61,-1,0
1232,1,-1,0
1232,16,-1,0
1232,30,-1,0
1232,46,-1,0
1232,60,-1,0
1237,0,-1,0
1237,16,-1,0
1237,30,-1,0
1237,45,-1,0
1237,60,-1,0
1242,1,-1,0
1242,16,-1,0
1242,31,-1,0
1242,45,-1,0
1242,60,-1,0
1247,0,-1,0
1247,16,-1,0
1247,30,-1,0
1247,46,-1,0
1247,60,-1,0
1252,0,-1,0
1252,16,-1,0
1252,30,-1,0
1252,46,-1,0
1252,61,-1,0
1257,0,-1,0
1257,15,-1,0
1257,31,-1,0
1257,46,-1,0
1257,60,-1,0
1262,0,-1,0
1262,15,-1,0
1262,30,-1,0
1262,46,-1,0
1262,60,-1,0
1267,1,-1,0
1267,15,-1,0
1267,31,-1,0
1267,46,-1,0
1267,60,-1,0
1272,0,-1,0
1272,16,-1,0
1272,30,-1,0
1272,45,-1,0
1272,60,-1,0
1277,0,-1,0
1277,15,-1,0
1277,31,-1,0
1277,46,-1,0
1277,61,-1,0
